node_1,node_2,chunk_id,edge,count,path,community_node_1,community_node_2
algorithm,connection info,"573cbc92b9ce41aeadf8080c50645875,573cbc92b9ce41aeadf8080c50645875",contextual proximity,2,vram\SecurityPkg\DeviceSecurity\SpdmLib\libspdm\unit_test\test_spdm_requester\encap_challenge_auth.c,1,1
algorithm,connection_info,"6cdb9b7922674bd38fef4b2b21d13c5c,6cdb9b7922674bd38fef4b2b21d13c5c,565140b50c7e4ba884868e21ef8ce808,565140b50c7e4ba884868e21ef8ce808,e43b8f4865984b7b8b74e3c37fa1e9bb,e43b8f4865984b7b8b74e3c37fa1e9bb",contextual proximity,6,vram\SecurityPkg\DeviceSecurity\SpdmLib\libspdm\unit_test\test_spdm_requester\encap_request.c,1,1
algorithm,spdm,"573cbc92b9ce41aeadf8080c50645875,96b82be3ecba4a8a86969454f11246f9,96b82be3ecba4a8a86969454f11246f9",contextual proximity,3,vram\SecurityPkg\DeviceSecurity\SpdmLib\libspdm\unit_test\test_spdm_requester\encap_challenge_auth.c,1,1
capability,connection_info,"3145141a0f0c43af8beeb996ccbc7129,3145141a0f0c43af8beeb996ccbc7129,c662fa068b6c4144977e971fa5c8824e,c662fa068b6c4144977e971fa5c8824e,fa07ec87bca642be96804152e2fc94d5,fa07ec87bca642be96804152e2fc94d5",contextual proximity,6,vram\SecurityPkg\DeviceSecurity\SpdmLib\libspdm\unit_test\test_spdm_requester\challenge.c,1,1
capability,spdm,"3145141a0f0c43af8beeb996ccbc7129,c662fa068b6c4144977e971fa5c8824e,fa07ec87bca642be96804152e2fc94d5",contextual proximity,3,vram\SecurityPkg\DeviceSecurity\SpdmLib\libspdm\unit_test\test_spdm_requester\challenge.c,1,1
capability flags,connection info,"9dfc1c599d5442c1b612d744a945c81f,9dfc1c599d5442c1b612d744a945c81f,206c208e59944924aa61009dc12bcd6a,206c208e59944924aa61009dc12bcd6a,52f064ea126d4d1ea6c8f016b08c2911,52f064ea126d4d1ea6c8f016b08c2911,431d2376e2af487f8c6d7a00f707366b,431d2376e2af487f8c6d7a00f707366b",contextual proximity,8,vram\SecurityPkg\DeviceSecurity\SpdmLib\libspdm\unit_test\test_spdm_requester\challenge.c,1,1
capability flags,spdm,"206c208e59944924aa61009dc12bcd6a,52f064ea126d4d1ea6c8f016b08c2911,431d2376e2af487f8c6d7a00f707366b",contextual proximity,3,vram\SecurityPkg\DeviceSecurity\SpdmLib\libspdm\unit_test\test_spdm_requester\encap_request.c,1,1
case_id,request,"87801e697c97407ebf1ba1823efcace7,87801e697c97407ebf1ba1823efcace7,87801e697c97407ebf1ba1823efcace7","case_id determines the handling of request,contextual proximity",6,vram\SecurityPkg\DeviceSecurity\SpdmLib\libspdm\unit_test\test_spdm_requester\challenge.c,3,3
case_id,spdm_test_context,"87801e697c97407ebf1ba1823efcace7,87801e697c97407ebf1ba1823efcace7",contextual proximity,2,vram\SecurityPkg\DeviceSecurity\SpdmLib\libspdm\unit_test\test_spdm_requester\challenge.c,3,3
certificate,spdm,"6c95abdbb7b24ddd93d124382ce138e6,6c95abdbb7b24ddd93d124382ce138e6",contextual proximity,2,vram\SecurityPkg\DeviceSecurity\SpdmLib\libspdm\unit_test\test_spdm_requester\encap_certificate.c,1,1
certificate chain,responder public certificate,"bb0c27b61d71446e8a845d85dc50e125,bb0c27b61d71446e8a845d85dc50e125,bb0c27b61d71446e8a845d85dc50e125","Certificate Chain is loaded from Responder Public Certificate,contextual proximity",6,vram\SecurityPkg\DeviceSecurity\SpdmLib\libspdm\unit_test\test_spdm_requester\chunk_get.c,4,4
certificate chain,root certificate hash,"bb0c27b61d71446e8a845d85dc50e125,bb0c27b61d71446e8a845d85dc50e125,bb0c27b61d71446e8a845d85dc50e125","Certificate Chain is used to save Root Certificate Hash,contextual proximity",6,vram\SecurityPkg\DeviceSecurity\SpdmLib\libspdm\unit_test\test_spdm_requester\chunk_get.c,4,4
certificate_chain,challenge,"dc4f1cbbd7e545d3be97e2392f59215a,dc4f1cbbd7e545d3be97e2392f59215a",contextual proximity,2,vram\SecurityPkg\DeviceSecurity\SpdmLib\libspdm\unit_test\test_spdm_requester\challenge.c,1,1
challenge,certificate_chain,"dc4f1cbbd7e545d3be97e2392f59215a,dc4f1cbbd7e545d3be97e2392f59215a,dc4f1cbbd7e545d3be97e2392f59215a","CHALLENGE message requests usage of the first certificate in the chain,contextual proximity",6,vram\SecurityPkg\DeviceSecurity\SpdmLib\libspdm\unit_test\test_spdm_requester\challenge.c,1,1
challenge,challenge_auth,"764ad5e030584d96ba99db8908f50587,764ad5e030584d96ba99db8908f50587,764ad5e030584d96ba99db8908f50587","CHALLENGE_AUTH responds to the CHALLENGE message,contextual proximity",6,vram\SecurityPkg\DeviceSecurity\SpdmLib\libspdm\unit_test\test_spdm_requester\challenge.c,1,1
challenge,spdm,"dc4f1cbbd7e545d3be97e2392f59215a,764ad5e030584d96ba99db8908f50587,dc4f1cbbd7e545d3be97e2392f59215a,bdd95c35ce8d4a798cf6337c512c2af0,bdd95c35ce8d4a798cf6337c512c2af0,764ad5e030584d96ba99db8908f50587",contextual proximity,6,vram\SecurityPkg\DeviceSecurity\SpdmLib\libspdm\unit_test\test_spdm_requester\challenge.c,1,1
challenge auth,spdm,"0447f29adc304534b7335a8eaf43bd6f,0447f29adc304534b7335a8eaf43bd6f",contextual proximity,2,vram\SecurityPkg\DeviceSecurity\SpdmLib\libspdm\unit_test\test_spdm_requester\chunk_get.c,1,1
challenge auth message,spdm,"3ae5e6e7b72b4ab0b8b5e0fd65d2bdf3,3ae5e6e7b72b4ab0b8b5e0fd65d2bdf3",contextual proximity,2,vram\SecurityPkg\DeviceSecurity\SpdmLib\libspdm\unit_test\test_spdm_requester\challenge.c,1,1
challenge message,get_capabilities message,"4416a304d4d342948fd2c9a9e81f73f2,cbf68379e41444bab073db44d6cc651b,4416a304d4d342948fd2c9a9e81f73f2,cbf68379e41444bab073db44d6cc651b","The CHALLENGE message is sent after receiving the GET_CAPABILITIES message.,The CHALLENGE message is sent after receiving the GET_CAPABILITIES message.,contextual proximity",10,vram\SecurityPkg\DeviceSecurity\SpdmLib\libspdm\unit_test\test_spdm_requester\challenge.c,5,5
challenge_auth,challenge,"764ad5e030584d96ba99db8908f50587,764ad5e030584d96ba99db8908f50587",contextual proximity,2,vram\SecurityPkg\DeviceSecurity\SpdmLib\libspdm\unit_test\test_spdm_requester\challenge.c,1,1
chunk response,spdm,"2b61f037c70543359d96fd422d1776b4,2b61f037c70543359d96fd422d1776b4",contextual proximity,2,vram\SecurityPkg\DeviceSecurity\SpdmLib\libspdm\unit_test\test_spdm_requester\chunk_get.c,1,1
connection,spdm,"1236f462ae2847eebeed52a94afd7b7e,1236f462ae2847eebeed52a94afd7b7e",contextual proximity,2,vram\SecurityPkg\DeviceSecurity\SpdmLib\libspdm\unit_test\test_spdm_requester\chunk_get.c,1,1
connection,version,"1236f462ae2847eebeed52a94afd7b7e,1236f462ae2847eebeed52a94afd7b7e,1236f462ae2847eebeed52a94afd7b7e","The connection has a specific version,contextual proximity",6,vram\SecurityPkg\DeviceSecurity\SpdmLib\libspdm\unit_test\test_spdm_requester\chunk_get.c,1,1
connection info,algorithm,"573cbc92b9ce41aeadf8080c50645875,573cbc92b9ce41aeadf8080c50645875,573cbc92b9ce41aeadf8080c50645875","Connection info contains algorithm information such as base hash algo, base asym algo, measurement spec, and measurement hash algo.,contextual proximity",6,vram\SecurityPkg\DeviceSecurity\SpdmLib\libspdm\unit_test\test_spdm_requester\encap_challenge_auth.c,1,1
connection info,capability flags,"9dfc1c599d5442c1b612d744a945c81f,206c208e59944924aa61009dc12bcd6a,52f064ea126d4d1ea6c8f016b08c2911,431d2376e2af487f8c6d7a00f707366b,9dfc1c599d5442c1b612d744a945c81f,206c208e59944924aa61009dc12bcd6a,52f064ea126d4d1ea6c8f016b08c2911,431d2376e2af487f8c6d7a00f707366b,9dfc1c599d5442c1b612d744a945c81f,206c208e59944924aa61009dc12bcd6a,52f064ea126d4d1ea6c8f016b08c2911,431d2376e2af487f8c6d7a00f707366b","Connection Info has Capability Flags, which indicate the capabilities of the connection.,Connection info has capability flags that indicate PSK, encrypt, MAC, and encapsulation capabilities.,Connection info has capability flags that indicate PSK, encrypt, MAC, and encapsulation capabilities.,Connection info has capability flags that include PSK, encrypt, MAC, and encapsulation capabilities.,contextual proximity",24,"vram\SecurityPkg\DeviceSecurity\SpdmLib\libspdm\unit_test\test_spdm_requester\challenge.c,vram\SecurityPkg\DeviceSecurity\SpdmLib\libspdm\unit_test\test_spdm_requester\encap_request.c",1,1
connection info,spdm,"31a9b2f8f33e44cc930801afd903f652,573cbc92b9ce41aeadf8080c50645875,206c208e59944924aa61009dc12bcd6a,52f064ea126d4d1ea6c8f016b08c2911,431d2376e2af487f8c6d7a00f707366b,31a9b2f8f33e44cc930801afd903f652,573cbc92b9ce41aeadf8080c50645875,206c208e59944924aa61009dc12bcd6a,52f064ea126d4d1ea6c8f016b08c2911,431d2376e2af487f8c6d7a00f707366b",contextual proximity,10,vram\SecurityPkg\DeviceSecurity\SpdmLib\libspdm\unit_test\test_spdm_requester\challenge.c,1,1
connection info,spdm context,"9dfc1c599d5442c1b612d744a945c81f,9dfc1c599d5442c1b612d744a945c81f",contextual proximity,2,vram\SecurityPkg\DeviceSecurity\SpdmLib\libspdm\unit_test\test_spdm_requester\challenge.c,1,1
connection info,version,"31a9b2f8f33e44cc930801afd903f652,31a9b2f8f33e44cc930801afd903f652,31a9b2f8f33e44cc930801afd903f652","Connection Info has a version,contextual proximity",6,vram\SecurityPkg\DeviceSecurity\SpdmLib\libspdm\unit_test\test_spdm_requester\challenge.c,1,1
connection state,spdm,"96b82be3ecba4a8a86969454f11246f9,96b82be3ecba4a8a86969454f11246f9",contextual proximity,2,vram\SecurityPkg\DeviceSecurity\SpdmLib\libspdm\unit_test\test_spdm_requester\encap_challenge_auth.c,1,1
connection_info,algorithm,"6cdb9b7922674bd38fef4b2b21d13c5c,565140b50c7e4ba884868e21ef8ce808,e43b8f4865984b7b8b74e3c37fa1e9bb,6cdb9b7922674bd38fef4b2b21d13c5c,565140b50c7e4ba884868e21ef8ce808,e43b8f4865984b7b8b74e3c37fa1e9bb,6cdb9b7922674bd38fef4b2b21d13c5c,565140b50c7e4ba884868e21ef8ce808,e43b8f4865984b7b8b74e3c37fa1e9bb","connection_info contains algorithm as a member.,connection_info contains algorithm,connection_info contains algorithm as a member variable.,contextual proximity",18,vram\SecurityPkg\DeviceSecurity\SpdmLib\libspdm\unit_test\test_spdm_requester\encap_request.c,1,1
connection_info,capability,"3145141a0f0c43af8beeb996ccbc7129,c662fa068b6c4144977e971fa5c8824e,fa07ec87bca642be96804152e2fc94d5,3145141a0f0c43af8beeb996ccbc7129,c662fa068b6c4144977e971fa5c8824e,fa07ec87bca642be96804152e2fc94d5,3145141a0f0c43af8beeb996ccbc7129,c662fa068b6c4144977e971fa5c8824e,fa07ec87bca642be96804152e2fc94d5","connection_info has a capability that includes flags such as CHAL_CAP and MEAS_CAP.,connection_info has a capability attribute that stores flags for PSK, encryption, MAC, and encapsulation.,connection_info has a capability attribute that stores flags for PSK, encryption, MAC, and encapsulation.,contextual proximity",18,"vram\SecurityPkg\DeviceSecurity\SpdmLib\libspdm\unit_test\test_spdm_requester\challenge.c,vram\SecurityPkg\DeviceSecurity\SpdmLib\libspdm\unit_test\test_spdm_requester\encap_request.c",1,1
connection_info,connection_state,"648bd883b70a465987ad09916c88ffdd,648bd883b70a465987ad09916c88ffdd,648bd883b70a465987ad09916c88ffdd","connection_info has a connection_state attribute.,contextual proximity",6,vram\SecurityPkg\DeviceSecurity\SpdmLib\libspdm\unit_test\test_spdm_requester\challenge.c,1,1
connection_info,libspdm_context,"859b1a1c74f941ec9775c7365223286d,e43b8f4865984b7b8b74e3c37fa1e9bb,b2cae51dc0aa4c11be1007a23ffae513,859b1a1c74f941ec9775c7365223286d,7103a9d9b7d54ba4bb95398a44ac0bcb,7103a9d9b7d54ba4bb95398a44ac0bcb,e43b8f4865984b7b8b74e3c37fa1e9bb",contextual proximity,7,vram\SecurityPkg\DeviceSecurity\SpdmLib\libspdm\unit_test\test_spdm_requester\challenge.c,1,3
connection_info,libspdm_context_t,"6cdb9b7922674bd38fef4b2b21d13c5c,6cdb9b7922674bd38fef4b2b21d13c5c",contextual proximity,2,vram\SecurityPkg\DeviceSecurity\SpdmLib\libspdm\unit_test\test_spdm_requester\encap_request.c,1,1
connection_info,peer_used_cert_chain,"1a52dc12b8164862ab750a982e9baf5c,859b1a1c74f941ec9775c7365223286d,1a52dc12b8164862ab750a982e9baf5c,859b1a1c74f941ec9775c7365223286d,1a52dc12b8164862ab750a982e9baf5c,859b1a1c74f941ec9775c7365223286d","connection_info contains peer_used_cert_chain as a component,connection_info contains peer_used_cert_chain as a member,contextual proximity",12,vram\SecurityPkg\DeviceSecurity\SpdmLib\libspdm\unit_test\test_spdm_requester\challenge.c,1,1
connection_info,spdm,"f5eb4eb946ff457488114cd8764a952c,3145141a0f0c43af8beeb996ccbc7129,9895a881b10f4289873ce4e275ae3e96,c662fa068b6c4144977e971fa5c8824e,fa07ec87bca642be96804152e2fc94d5,0b85203279254352ab936441042218d7,f5eb4eb946ff457488114cd8764a952c,3145141a0f0c43af8beeb996ccbc7129,9895a881b10f4289873ce4e275ae3e96,c662fa068b6c4144977e971fa5c8824e,fa07ec87bca642be96804152e2fc94d5,0b85203279254352ab936441042218d7,93f679c7d5c642479a939a528d32eb1c",contextual proximity,13,vram\SecurityPkg\DeviceSecurity\SpdmLib\libspdm\unit_test\test_spdm_requester\challenge.c,1,1
connection_info,spdm_context,"1a52dc12b8164862ab750a982e9baf5c,648bd883b70a465987ad09916c88ffdd,565140b50c7e4ba884868e21ef8ce808,2593cd3fe0654ea59300ea47bdcb0160,2593cd3fe0654ea59300ea47bdcb0160,2e5352a0a8fa40c092b4033bd399f46b,2e5352a0a8fa40c092b4033bd399f46b,b2cb42592b9f4fc499dc7730a92bdf7b,b2cb42592b9f4fc499dc7730a92bdf7b,b2cae51dc0aa4c11be1007a23ffae513,1a52dc12b8164862ab750a982e9baf5c,39a4942ecdd648699ea70d51459fd834,39a4942ecdd648699ea70d51459fd834,648bd883b70a465987ad09916c88ffdd,c284bbb5beb14237adfa42f4624ac1c9,c284bbb5beb14237adfa42f4624ac1c9,4d7f8aefcb3d4a08a8cbced77932ae9a,565140b50c7e4ba884868e21ef8ce808,93f679c7d5c642479a939a528d32eb1c",contextual proximity,19,vram\SecurityPkg\DeviceSecurity\SpdmLib\libspdm\unit_test\test_spdm_requester\challenge.c,1,3
connection_info,spdm_test_context,"2593cd3fe0654ea59300ea47bdcb0160,b2cb42592b9f4fc499dc7730a92bdf7b,b2cae51dc0aa4c11be1007a23ffae513",contextual proximity,3,vram\SecurityPkg\DeviceSecurity\SpdmLib\libspdm\unit_test\test_spdm_requester\encap_certificate.c,1,3
connection_info,version,"f5eb4eb946ff457488114cd8764a952c,9895a881b10f4289873ce4e275ae3e96,0b85203279254352ab936441042218d7,f5eb4eb946ff457488114cd8764a952c,9895a881b10f4289873ce4e275ae3e96,0b85203279254352ab936441042218d7,f5eb4eb946ff457488114cd8764a952c,9895a881b10f4289873ce4e275ae3e96,0b85203279254352ab936441042218d7","connection_info has a version attribute that stores the version of the SPDM message.,connection_info has a version attribute that stores the version of the SPDM message.,connection_info has a version attribute that stores the SPDM message version.,contextual proximity",18,"vram\SecurityPkg\DeviceSecurity\SpdmLib\libspdm\unit_test\test_spdm_requester\challenge.c,vram\SecurityPkg\DeviceSecurity\SpdmLib\libspdm\unit_test\test_spdm_requester\encap_request.c",1,1
connection_state,connection_info,"648bd883b70a465987ad09916c88ffdd,648bd883b70a465987ad09916c88ffdd",contextual proximity,2,vram\SecurityPkg\DeviceSecurity\SpdmLib\libspdm\unit_test\test_spdm_requester\challenge.c,1,1
digest,spdm,"fc0bcf25e04e4ed8bbfb0d607e6ae63c,fc0bcf25e04e4ed8bbfb0d607e6ae63c",contextual proximity,2,vram\SecurityPkg\DeviceSecurity\SpdmLib\libspdm\unit_test\test_spdm_requester\encap_digests.c,7,1
digest,spdm_get_digests,"8f9388a589964cc4b43beac7b15294cc,8f9388a589964cc4b43beac7b15294cc",contextual proximity,2,vram\SecurityPkg\DeviceSecurity\SpdmLib\libspdm\unit_test\test_spdm_requester\encap_request.c,7,7
digest response,spdm,"bd8642deda60449ba8527b0d65a9639e,bd8642deda60449ba8527b0d65a9639e",contextual proximity,2,vram\SecurityPkg\DeviceSecurity\SpdmLib\libspdm\unit_test\test_spdm_requester\encap_request.c,1,1
encapsulated request response,spdm,"bd8642deda60449ba8527b0d65a9639e,bd8642deda60449ba8527b0d65a9639e",contextual proximity,2,vram\SecurityPkg\DeviceSecurity\SpdmLib\libspdm\unit_test\test_spdm_requester\encap_request.c,1,1
error,key_update,"7e362890251f430b8c4141c555c174e1,7e362890251f430b8c4141c555c174e1",contextual proximity,2,vram\SecurityPkg\DeviceSecurity\SpdmLib\libspdm\unit_test\test_spdm_requester\encap_key_update.c,1,1
error message,spdm,"3ae5e6e7b72b4ab0b8b5e0fd65d2bdf3,3ae5e6e7b72b4ab0b8b5e0fd65d2bdf3",contextual proximity,2,vram\SecurityPkg\DeviceSecurity\SpdmLib\libspdm\unit_test\test_spdm_requester\challenge.c,1,1
error response,spdm,"5e0f6ff1e8cc49cb96769bbe490abb4c,5e0f6ff1e8cc49cb96769bbe490abb4c",contextual proximity,2,vram\SecurityPkg\DeviceSecurity\SpdmLib\libspdm\unit_test\test_spdm_requester\chunk_get.c,1,1
get_capabilities message,challenge message,"4416a304d4d342948fd2c9a9e81f73f2,cbf68379e41444bab073db44d6cc651b",contextual proximity,2,vram\SecurityPkg\DeviceSecurity\SpdmLib\libspdm\unit_test\test_spdm_requester\challenge.c,5,5
key update,spdm,"c668dfebc76a434ca96fcff358f32d2d,c668dfebc76a434ca96fcff358f32d2d",contextual proximity,2,vram\SecurityPkg\DeviceSecurity\SpdmLib\libspdm\unit_test\test_spdm_requester\encap_key_update.c,1,1
key_update,error,"7e362890251f430b8c4141c555c174e1,7e362890251f430b8c4141c555c174e1,7e362890251f430b8c4141c555c174e1","KEY_UPDATE message produces an ERROR message indicating InvalidRequest.,contextual proximity",6,vram\SecurityPkg\DeviceSecurity\SpdmLib\libspdm\unit_test\test_spdm_requester\encap_key_update.c,1,1
key_update,spdm,"7e362890251f430b8c4141c555c174e1,7e362890251f430b8c4141c555c174e1",contextual proximity,2,vram\SecurityPkg\DeviceSecurity\SpdmLib\libspdm\unit_test\test_spdm_requester\encap_key_update.c,1,1
libspdm,libspdm_context,"552193df483344d285e9f726283e8f5e,552193df483344d285e9f726283e8f5e,552193df483344d285e9f726283e8f5e","LIBSPDM uses LIBSPDM_CONTEXT to store its context,contextual proximity",6,vram\SecurityPkg\DeviceSecurity\SpdmLib\libspdm\unit_test\test_spdm_requester\encap_digests.c,3,3
libspdm,spdm,"552193df483344d285e9f726283e8f5e,552193df483344d285e9f726283e8f5e",contextual proximity,2,vram\SecurityPkg\DeviceSecurity\SpdmLib\libspdm\unit_test\test_spdm_requester\encap_digests.c,3,1
libspdm_challenge,measurement_hash,"ecdde3e1163a49bb8c05079298f26276,ecdde3e1163a49bb8c05079298f26276,ecdde3e1163a49bb8c05079298f26276","libspdm_challenge uses measurement_hash as a parameter,contextual proximity",6,vram\SecurityPkg\DeviceSecurity\SpdmLib\libspdm\unit_test\test_spdm_requester\challenge.c,3,3
libspdm_challenge,spdm_context,"ecdde3e1163a49bb8c05079298f26276,ecdde3e1163a49bb8c05079298f26276,ecdde3e1163a49bb8c05079298f26276","libspdm_challenge uses spdm_context as a parameter,contextual proximity",6,vram\SecurityPkg\DeviceSecurity\SpdmLib\libspdm\unit_test\test_spdm_requester\challenge.c,3,3
libspdm_challenge_ex,measurement_hash,"e1726794f1d344dd87899941b7f3c18e,e1726794f1d344dd87899941b7f3c18e,e1726794f1d344dd87899941b7f3c18e","libspdm_challenge_ex uses measurement_hash as an input parameter,contextual proximity",6,vram\SecurityPkg\DeviceSecurity\SpdmLib\libspdm\unit_test\test_spdm_requester\challenge.c,3,3
libspdm_challenge_ex,spdm_context,"e1726794f1d344dd87899941b7f3c18e,e1726794f1d344dd87899941b7f3c18e,e1726794f1d344dd87899941b7f3c18e","libspdm_challenge_ex uses spdm_context as an input parameter,contextual proximity",6,vram\SecurityPkg\DeviceSecurity\SpdmLib\libspdm\unit_test\test_spdm_requester\challenge.c,3,3
libspdm_context,connection_info,"859b1a1c74f941ec9775c7365223286d,7103a9d9b7d54ba4bb95398a44ac0bcb,e43b8f4865984b7b8b74e3c37fa1e9bb,b2cae51dc0aa4c11be1007a23ffae513,859b1a1c74f941ec9775c7365223286d,859b1a1c74f941ec9775c7365223286d,7103a9d9b7d54ba4bb95398a44ac0bcb,7103a9d9b7d54ba4bb95398a44ac0bcb,e43b8f4865984b7b8b74e3c37fa1e9bb,e43b8f4865984b7b8b74e3c37fa1e9bb","libspdm_context contains connection_info as a member,libspdm_context contains connection_info,libspdm_context contains connection_info as a member variable.,contextual proximity",19,"vram\SecurityPkg\DeviceSecurity\SpdmLib\libspdm\unit_test\test_spdm_requester\challenge.c,vram\SecurityPkg\DeviceSecurity\SpdmLib\libspdm\unit_test\test_spdm_requester\encap_challenge_auth.c,vram\SecurityPkg\DeviceSecurity\SpdmLib\libspdm\unit_test\test_spdm_requester\encap_request.c",3,1
libspdm_context,libspdm,"552193df483344d285e9f726283e8f5e,552193df483344d285e9f726283e8f5e",contextual proximity,2,vram\SecurityPkg\DeviceSecurity\SpdmLib\libspdm\unit_test\test_spdm_requester\encap_digests.c,3,3
libspdm_context,libspdm_read_responder_public_certificate_chain,"2c993d7d1ffb4dd380d3e4ce52982f1a,0f84e4b7c8e04f398b93ff6fde580c27,b85ffcf442ec4e87a13646362d437d87,109c5df6766c434f921f99148e0ac1d4,cdbac289b630450b80d4c8dd9fe677f9,a3d448023b6d492da7a36d6a0c7f0178,0ed74e300b70446f886ba25e5cd8c937,0d01f26a3403488ba11813aff596eaf0,c6bb09d8888741b1b769d7c638acdc8e,dd29c2a86ed342a698c60be06dd7e108",contextual proximity,10,vram\SecurityPkg\DeviceSecurity\SpdmLib\libspdm\unit_test\test_spdm_requester\challenge.c,3,3
libspdm_context,libspdm_test_context,"7103a9d9b7d54ba4bb95398a44ac0bcb,7103a9d9b7d54ba4bb95398a44ac0bcb,7103a9d9b7d54ba4bb95398a44ac0bcb","libspdm_context is a part of libspdm_test_context,contextual proximity",6,vram\SecurityPkg\DeviceSecurity\SpdmLib\libspdm\unit_test\test_spdm_requester\encap_challenge_auth.c,3,3
libspdm_context,spdm_context,"55868d5ccf704678b5477a74c0a1835f,b2cae51dc0aa4c11be1007a23ffae513",contextual proximity,2,vram\SecurityPkg\DeviceSecurity\SpdmLib\libspdm\unit_test\test_spdm_requester\encap_key_update.c,3,3
libspdm_context,spdm_test_context,"55868d5ccf704678b5477a74c0a1835f,b2cae51dc0aa4c11be1007a23ffae513,55868d5ccf704678b5477a74c0a1835f,55868d5ccf704678b5477a74c0a1835f,b2cae51dc0aa4c11be1007a23ffae513","libspdm_context is a part of spdm_test_context,libspdm_context is a part of spdm_test_context.,contextual proximity",11,"vram\SecurityPkg\DeviceSecurity\SpdmLib\libspdm\unit_test\test_spdm_requester\encap_key_update.c,vram\SecurityPkg\DeviceSecurity\SpdmLib\libspdm\unit_test\test_spdm_requester\challenge.c",3,3
libspdm_context_t,connection_info,"6cdb9b7922674bd38fef4b2b21d13c5c,6cdb9b7922674bd38fef4b2b21d13c5c,6cdb9b7922674bd38fef4b2b21d13c5c","libspdm_context_t contains connection_info as a member.,contextual proximity",6,vram\SecurityPkg\DeviceSecurity\SpdmLib\libspdm\unit_test\test_spdm_requester\encap_request.c,1,1
libspdm_copy_mem,m_libspdm_local_buffer,"4884e451f7ac4cd087f7abed2f9cf3d5,7417e9f68dd545369e3407012d1138c0,4884e451f7ac4cd087f7abed2f9cf3d5,4884e451f7ac4cd087f7abed2f9cf3d5,7417e9f68dd545369e3407012d1138c0,7417e9f68dd545369e3407012d1138c0","libspdm_copy_mem copies data to m_libspdm_local_buffer,libspdm_copy_mem copies data to m_libspdm_local_buffer,contextual proximity",12,"vram\SecurityPkg\DeviceSecurity\SpdmLib\libspdm\unit_test\test_spdm_requester\challenge.c,vram\SecurityPkg\DeviceSecurity\SpdmLib\libspdm\unit_test\test_spdm_requester\chunk_get.c",7,7
libspdm_copy_mem,spdm_response,"4884e451f7ac4cd087f7abed2f9cf3d5,7417e9f68dd545369e3407012d1138c0,4884e451f7ac4cd087f7abed2f9cf3d5,4884e451f7ac4cd087f7abed2f9cf3d5,7417e9f68dd545369e3407012d1138c0,7417e9f68dd545369e3407012d1138c0","libspdm_copy_mem uses spdm_response as a source of data,libspdm_copy_mem copies data from spdm_response,contextual proximity",12,"vram\SecurityPkg\DeviceSecurity\SpdmLib\libspdm\unit_test\test_spdm_requester\challenge.c,vram\SecurityPkg\DeviceSecurity\SpdmLib\libspdm\unit_test\test_spdm_requester\chunk_get.c",7,7
libspdm_dump_hex_str,buffer,f2d6205b9b504309afdea9a313c64394,libspdm_dump_hex_str function takes buffer as an input parameter.,4,vram\SecurityPkg\DeviceSecurity\SpdmLib\libspdm\unit_test\test_size\test_size_of_spdm_requester\support.c,2,2
libspdm_get_certificate_request3,spdm_context,"8f6d68af03914fd6bc358d729df1dfed,8f6d68af03914fd6bc358d729df1dfed,8f6d68af03914fd6bc358d729df1dfed","libspdm_get_certificate_request3 is used to get a certificate from spdm_context,contextual proximity",6,vram\SecurityPkg\DeviceSecurity\SpdmLib\libspdm\unit_test\test_spdm_requester\encap_certificate.c,3,3
libspdm_get_encap_response_certificate,spdm_context,"2e5352a0a8fa40c092b4033bd399f46b,2e5352a0a8fa40c092b4033bd399f46b,2e5352a0a8fa40c092b4033bd399f46b","libspdm_get_encap_response_certificate function uses spdm_context as an input parameter,contextual proximity",6,vram\SecurityPkg\DeviceSecurity\SpdmLib\libspdm\unit_test\test_spdm_requester\encap_certificate.c,3,3
libspdm_get_encap_response_challenge_auth,spdm_context,"c284bbb5beb14237adfa42f4624ac1c9,c284bbb5beb14237adfa42f4624ac1c9,c284bbb5beb14237adfa42f4624ac1c9","libspdm_get_encap_response_challenge_auth uses spdm_context as an input parameter,contextual proximity",6,vram\SecurityPkg\DeviceSecurity\SpdmLib\libspdm\unit_test\test_spdm_requester\encap_challenge_auth.c,3,3
libspdm_get_encap_response_key_update,spdm_context,"30be1c1fcb9644ba9a58bce8bdbf674d,6f4fb09b2b99464d8d1f79e40ec2fa69,30be1c1fcb9644ba9a58bce8bdbf674d,30be1c1fcb9644ba9a58bce8bdbf674d,6f4fb09b2b99464d8d1f79e40ec2fa69","libspdm_get_encap_response_key_update function uses spdm_context as an input parameter,libspdm_get_encap_response_key_update uses spdm_context as an input parameter,contextual proximity",11,vram\SecurityPkg\DeviceSecurity\SpdmLib\libspdm\unit_test\test_spdm_requester\encap_key_update.c,3,3
libspdm_get_measurement,measurement_record,4d7f8aefcb3d4a08a8cbced77932ae9a,libspdm_get_measurement function uses measurement_record as an output parameter to store the measurement record.,4,vram\SecurityPkg\DeviceSecurity\SpdmLib\libspdm\unit_test\test_spdm_requester\chunk_get.c,9,9
libspdm_read_input_file,file_name,f2d6205b9b504309afdea9a313c64394,libspdm_read_input_file function takes file_name as an input parameter.,4,vram\SecurityPkg\DeviceSecurity\SpdmLib\libspdm\unit_test\test_size\test_size_of_spdm_requester\support.c,8,8
libspdm_read_responder_public_certificate_chain,libspdm_context,"2c993d7d1ffb4dd380d3e4ce52982f1a,0f84e4b7c8e04f398b93ff6fde580c27,b85ffcf442ec4e87a13646362d437d87,109c5df6766c434f921f99148e0ac1d4,cdbac289b630450b80d4c8dd9fe677f9,a3d448023b6d492da7a36d6a0c7f0178,0ed74e300b70446f886ba25e5cd8c937,0d01f26a3403488ba11813aff596eaf0,c6bb09d8888741b1b769d7c638acdc8e,dd29c2a86ed342a698c60be06dd7e108,2c993d7d1ffb4dd380d3e4ce52982f1a,0f84e4b7c8e04f398b93ff6fde580c27,b85ffcf442ec4e87a13646362d437d87,109c5df6766c434f921f99148e0ac1d4,cdbac289b630450b80d4c8dd9fe677f9,a3d448023b6d492da7a36d6a0c7f0178,0ed74e300b70446f886ba25e5cd8c937,0d01f26a3403488ba11813aff596eaf0,c6bb09d8888741b1b769d7c638acdc8e,dd29c2a86ed342a698c60be06dd7e108","libspdm_read_responder_public_certificate_chain uses libspdm_context to retrieve local certificate chain provision.,libspdm_read_responder_public_certificate_chain uses libspdm_context to retrieve local_cert_chain_provision_size and local_cert_chain_provision.,libspdm_read_responder_public_certificate_chain uses libspdm_context to retrieve local certificate chain provision.,libspdm_read_responder_public_certificate_chain uses libspdm_context to retrieve local certificate chain provision.,libspdm_read_responder_public_certificate_chain uses libspdm_context to retrieve local_cert_chain_provision,libspdm_read_responder_public_certificate_chain uses libspdm_context to retrieve local certificate chain provision,libspdm_read_responder_public_certificate_chain uses libspdm_context to retrieve local_cert_chain_provision_size and local_cert_chain_provision.,libspdm_read_responder_public_certificate_chain uses libspdm_context to read responder public certificate chain,libspdm_read_responder_public_certificate_chain uses libspdm_context to retrieve local certificate chain provision,libspdm_read_responder_public_certificate_chain uses libspdm_context to retrieve local certificate chain provision.,contextual proximity",50,vram\SecurityPkg\DeviceSecurity\SpdmLib\libspdm\unit_test\test_spdm_requester\challenge.c,3,3
libspdm_read_responder_public_certificate_chain,spdm_context,"39a4942ecdd648699ea70d51459fd834,39a4942ecdd648699ea70d51459fd834,39a4942ecdd648699ea70d51459fd834","libspdm_read_responder_public_certificate_chain is called with spdm_context as a parameter,contextual proximity",6,vram\SecurityPkg\DeviceSecurity\SpdmLib\libspdm\unit_test\test_spdm_requester\challenge.c,3,3
libspdm_read_responder_public_key,data,a90a7de621d845eeb8925d4425bbedff,libspdm_read_responder_public_key function reads the responder public key into the data variable.,4,vram\SecurityPkg\DeviceSecurity\SpdmLib\libspdm\unit_test\test_spdm_requester\challenge.c,6,6
libspdm_requester_challenge_test_main,spdm_requester_challenge_tests,261f4b5d35a04c36983ae7370bcc7dfb,libspdm_requester_challenge_test_main contains a list of unit tests defined in spdm_requester_challenge_tests,4,vram\SecurityPkg\DeviceSecurity\SpdmLib\libspdm\unit_test\test_spdm_requester\challenge.c,12,12
libspdm_requester_challenge_test_receive_message,libspdm_test_context,026c50be09704e67814ac23b4ec40ecb,libspdm_requester_challenge_test_receive_message uses libspdm_test_context to determine the test case.,4,vram\SecurityPkg\DeviceSecurity\SpdmLib\libspdm\unit_test\test_spdm_requester\challenge.c,3,3
libspdm_requester_challenge_test_send_message,spdm_context,f9aa72e739884d3c82965b0feba4d8b9,libspdm_requester_challenge_test_send_message function takes spdm_context as a parameter.,4,vram\SecurityPkg\DeviceSecurity\SpdmLib\libspdm\unit_test\test_spdm_requester\challenge.c,3,3
libspdm_requester_encap_certificate_test_main,spdm_requester_encap_certificate_tests,2a29eec612f1418cbc66ee906a0f8c56,libspdm_requester_encap_certificate_test_main contains a list of spdm_requester_encap_certificate_tests,4,vram\SecurityPkg\DeviceSecurity\SpdmLib\libspdm\unit_test\test_spdm_requester\encap_certificate.c,13,13
libspdm_requester_encap_challenge_auth,spdm_challenge_auth,37a7343a40764adba9ebd567f3374a09,libspdm_requester_encap_challenge_auth produces a valid SPDM_CHALLENGE_AUTH response message,4,vram\SecurityPkg\DeviceSecurity\SpdmLib\libspdm\unit_test\test_spdm_requester\encap_challenge_auth.c,7,7
libspdm_requester_encap_digests_test_main,spdm_requester_digests_tests,aac361ace7484bac882765dcf12dd431,libspdm_requester_encap_digests_test_main contains a list of unit tests defined in spdm_requester_digests_tests.,4,vram\SecurityPkg\DeviceSecurity\SpdmLib\libspdm\unit_test\test_spdm_requester\encap_digests.c,14,14
libspdm_requester_encap_key_update_test_main,spdm_requester_key_update_tests,248e177177dd4aa89d9ed27f2d58529a,libspdm_requester_encap_key_update_test_main contains a list of unit tests defined in spdm_requester_key_update_tests,4,vram\SecurityPkg\DeviceSecurity\SpdmLib\libspdm\unit_test\test_spdm_requester\encap_key_update.c,15,15
libspdm_requester_encap_request_test_send_message,libspdm_get_test_context,3919d87b5fdf4561a850a9d64376da93,libspdm_requester_encap_request_test_send_message uses libspdm_get_test_context to retrieve the test context.,4,vram\SecurityPkg\DeviceSecurity\SpdmLib\libspdm\unit_test\test_spdm_requester\encap_request.c,10,10
libspdm_reset_message_b,spdm_context,01e5daf565f841b985e53a0569626c4a,libspdm_reset_message_b is a function that takes spdm_context as an argument to reset an internal buffer.,4,vram\SecurityPkg\DeviceSecurity\SpdmLib\libspdm\unit_test\test_spdm_requester\encap_certificate.c,3,3
libspdm_responder_dispatch_message,spdm_dispatch,"d0587bf279b94b1698a9fbc0c34c53b0,d0587bf279b94b1698a9fbc0c34c53b0",contextual proximity,2,vram\SecurityPkg\DeviceSecurity\SpdmLib\libspdm\unit_test\test_size\test_size_of_spdm_responder\spdm_responder_main.c,16,16
libspdm_set_standard_key_update_test_secrets,libspdm_set_mem,380250e484b64bb28622d0823f505a6b,libspdm_set_standard_key_update_test_secrets uses libspdm_set_mem to set memory.,4,vram\SecurityPkg\DeviceSecurity\SpdmLib\libspdm\unit_test\test_spdm_requester\encap_key_update.c,17,17
libspdm_test_common_context_data_case1,libspdm_le_to_be_64,9eac0c04db0642998f01d484f496c128,libspdm_test_common_context_data_case1 uses libspdm_le_to_be_64 for testing.,4,vram\SecurityPkg\DeviceSecurity\SpdmLib\libspdm\unit_test\test_spdm_common\support.c,11,11
libspdm_test_context,libspdm_context,"7103a9d9b7d54ba4bb95398a44ac0bcb,7103a9d9b7d54ba4bb95398a44ac0bcb",contextual proximity,2,vram\SecurityPkg\DeviceSecurity\SpdmLib\libspdm\unit_test\test_spdm_requester\encap_challenge_auth.c,3,3
libspdm_test_context,spdm_context,"8f6d68af03914fd6bc358d729df1dfed,8f6d68af03914fd6bc358d729df1dfed",contextual proximity,2,vram\SecurityPkg\DeviceSecurity\SpdmLib\libspdm\unit_test\test_spdm_requester\encap_certificate.c,3,3
libspdm_test_requester_challenge_case13,libspdm_test_context,84cd1fa716464eda94c64abeca669bd0,libspdm_test_requester_challenge_case13 uses libspdm_test_context as a parameter.,4,vram\SecurityPkg\DeviceSecurity\SpdmLib\libspdm\unit_test\test_spdm_requester\challenge.c,3,3
libspdm_test_requester_challenge_case7,libspdm_context_t,411ee834c110486c8d90983166138d04,libspdm_test_requester_challenge_case7 uses libspdm_context_t to store connection information and algorithm settings.,4,vram\SecurityPkg\DeviceSecurity\SpdmLib\libspdm\unit_test\test_spdm_requester\challenge.c,1,1
local context,peer root cert provision,"1d3f8d72e9de4871a9d79b5f301894eb,1d3f8d72e9de4871a9d79b5f301894eb,1d3f8d72e9de4871a9d79b5f301894eb","Local Context has Peer Root Cert Provision,contextual proximity",6,vram\SecurityPkg\DeviceSecurity\SpdmLib\libspdm\unit_test\test_spdm_requester\chunk_get.c,1,1
local context,spdm context,"1d3f8d72e9de4871a9d79b5f301894eb,1d3f8d72e9de4871a9d79b5f301894eb",contextual proximity,2,vram\SecurityPkg\DeviceSecurity\SpdmLib\libspdm\unit_test\test_spdm_requester\chunk_get.c,1,1
m_libspdm_local_buffer,libspdm_copy_mem,"4884e451f7ac4cd087f7abed2f9cf3d5,4884e451f7ac4cd087f7abed2f9cf3d5,7417e9f68dd545369e3407012d1138c0,7417e9f68dd545369e3407012d1138c0",contextual proximity,4,vram\SecurityPkg\DeviceSecurity\SpdmLib\libspdm\unit_test\test_spdm_requester\challenge.c,7,7
m_libspdm_local_buffer,spdm_response,"4884e451f7ac4cd087f7abed2f9cf3d5,7417e9f68dd545369e3407012d1138c0",contextual proximity,2,vram\SecurityPkg\DeviceSecurity\SpdmLib\libspdm\unit_test\test_spdm_requester\challenge.c,7,7
measurement,spdm,"0447f29adc304534b7335a8eaf43bd6f,0447f29adc304534b7335a8eaf43bd6f",contextual proximity,2,vram\SecurityPkg\DeviceSecurity\SpdmLib\libspdm\unit_test\test_spdm_requester\chunk_get.c,1,1
measurement_hash,libspdm_challenge,"ecdde3e1163a49bb8c05079298f26276,ecdde3e1163a49bb8c05079298f26276",contextual proximity,2,vram\SecurityPkg\DeviceSecurity\SpdmLib\libspdm\unit_test\test_spdm_requester\challenge.c,3,3
measurement_hash,libspdm_challenge_ex,"e1726794f1d344dd87899941b7f3c18e,e1726794f1d344dd87899941b7f3c18e",contextual proximity,2,vram\SecurityPkg\DeviceSecurity\SpdmLib\libspdm\unit_test\test_spdm_requester\challenge.c,3,3
measurement_hash,spdm_context,"ecdde3e1163a49bb8c05079298f26276,e1726794f1d344dd87899941b7f3c18e",contextual proximity,2,vram\SecurityPkg\DeviceSecurity\SpdmLib\libspdm\unit_test\test_spdm_requester\challenge.c,3,3
peer root cert provision,local context,"1d3f8d72e9de4871a9d79b5f301894eb,1d3f8d72e9de4871a9d79b5f301894eb",contextual proximity,2,vram\SecurityPkg\DeviceSecurity\SpdmLib\libspdm\unit_test\test_spdm_requester\chunk_get.c,1,1
peer_used_cert_chain,connection_info,"1a52dc12b8164862ab750a982e9baf5c,1a52dc12b8164862ab750a982e9baf5c,859b1a1c74f941ec9775c7365223286d,859b1a1c74f941ec9775c7365223286d",contextual proximity,4,vram\SecurityPkg\DeviceSecurity\SpdmLib\libspdm\unit_test\test_spdm_requester\challenge.c,1,1
request,case_id,"87801e697c97407ebf1ba1823efcace7,87801e697c97407ebf1ba1823efcace7",contextual proximity,2,vram\SecurityPkg\DeviceSecurity\SpdmLib\libspdm\unit_test\test_spdm_requester\challenge.c,3,3
requester,spdm,"6c95abdbb7b24ddd93d124382ce138e6,6c95abdbb7b24ddd93d124382ce138e6,fc0bcf25e04e4ed8bbfb0d607e6ae63c,fc0bcf25e04e4ed8bbfb0d607e6ae63c",contextual proximity,4,vram\SecurityPkg\DeviceSecurity\SpdmLib\libspdm\unit_test\test_spdm_requester\encap_certificate.c,1,1
responder,spdm,"bdd95c35ce8d4a798cf6337c512c2af0,bdd95c35ce8d4a798cf6337c512c2af0",contextual proximity,2,vram\SecurityPkg\DeviceSecurity\SpdmLib\libspdm\unit_test\test_spdm_requester\challenge.c,1,1
responder public certificate,certificate chain,"bb0c27b61d71446e8a845d85dc50e125,bb0c27b61d71446e8a845d85dc50e125",contextual proximity,2,vram\SecurityPkg\DeviceSecurity\SpdmLib\libspdm\unit_test\test_spdm_requester\chunk_get.c,4,4
root certificate hash,certificate chain,"bb0c27b61d71446e8a845d85dc50e125,bb0c27b61d71446e8a845d85dc50e125",contextual proximity,2,vram\SecurityPkg\DeviceSecurity\SpdmLib\libspdm\unit_test\test_spdm_requester\chunk_get.c,4,4
secured message context,spdm,"c668dfebc76a434ca96fcff358f32d2d,c668dfebc76a434ca96fcff358f32d2d",contextual proximity,2,vram\SecurityPkg\DeviceSecurity\SpdmLib\libspdm\unit_test\test_spdm_requester\encap_key_update.c,1,1
secured_message_context,session_info,"32751e6e15434cb18e938f3475e58bfb,32751e6e15434cb18e938f3475e58bfb",contextual proximity,2,vram\SecurityPkg\DeviceSecurity\SpdmLib\libspdm\unit_test\test_spdm_requester\encap_key_update.c,3,3
session_info,secured_message_context,"32751e6e15434cb18e938f3475e58bfb,32751e6e15434cb18e938f3475e58bfb,32751e6e15434cb18e938f3475e58bfb","session_info contains secured_message_context,contextual proximity",6,vram\SecurityPkg\DeviceSecurity\SpdmLib\libspdm\unit_test\test_spdm_requester\encap_key_update.c,3,3
session_info,spdm_context,"32751e6e15434cb18e938f3475e58bfb,32751e6e15434cb18e938f3475e58bfb,30be1c1fcb9644ba9a58bce8bdbf674d,30be1c1fcb9644ba9a58bce8bdbf674d",contextual proximity,4,vram\SecurityPkg\DeviceSecurity\SpdmLib\libspdm\unit_test\test_spdm_requester\encap_key_update.c,3,3
spdm,algorithm,"96b82be3ecba4a8a86969454f11246f9,573cbc92b9ce41aeadf8080c50645875,96b82be3ecba4a8a86969454f11246f9,96b82be3ecba4a8a86969454f11246f9","SPDM uses an algorithm for base hash, asymmetric, and measurement specifications.,contextual proximity",7,vram\SecurityPkg\DeviceSecurity\SpdmLib\libspdm\unit_test\test_spdm_requester\encap_challenge_auth.c,1,1
spdm,capability,"3145141a0f0c43af8beeb996ccbc7129,c662fa068b6c4144977e971fa5c8824e,fa07ec87bca642be96804152e2fc94d5",contextual proximity,3,vram\SecurityPkg\DeviceSecurity\SpdmLib\libspdm\unit_test\test_spdm_requester\challenge.c,1,1
spdm,capability flags,"206c208e59944924aa61009dc12bcd6a,52f064ea126d4d1ea6c8f016b08c2911,431d2376e2af487f8c6d7a00f707366b",contextual proximity,3,vram\SecurityPkg\DeviceSecurity\SpdmLib\libspdm\unit_test\test_spdm_requester\encap_request.c,1,1
spdm,certificate,"6c95abdbb7b24ddd93d124382ce138e6,6c95abdbb7b24ddd93d124382ce138e6,6c95abdbb7b24ddd93d124382ce138e6","SPDM uses Certificate for authentication,contextual proximity",6,vram\SecurityPkg\DeviceSecurity\SpdmLib\libspdm\unit_test\test_spdm_requester\encap_certificate.c,1,1
spdm,challenge,"dc4f1cbbd7e545d3be97e2392f59215a,bdd95c35ce8d4a798cf6337c512c2af0,764ad5e030584d96ba99db8908f50587,dc4f1cbbd7e545d3be97e2392f59215a,dc4f1cbbd7e545d3be97e2392f59215a,bdd95c35ce8d4a798cf6337c512c2af0,bdd95c35ce8d4a798cf6337c512c2af0,764ad5e030584d96ba99db8908f50587,764ad5e030584d96ba99db8908f50587","SPDM sends a CHALLENGE message,SPDM sends a challenge request to the responder.,SPDM sends a CHALLENGE message,contextual proximity",18,vram\SecurityPkg\DeviceSecurity\SpdmLib\libspdm\unit_test\test_spdm_requester\challenge.c,1,1
spdm,challenge auth,"0447f29adc304534b7335a8eaf43bd6f,0447f29adc304534b7335a8eaf43bd6f,0447f29adc304534b7335a8eaf43bd6f","SPDM uses challenge auth to authenticate the requester.,contextual proximity",6,vram\SecurityPkg\DeviceSecurity\SpdmLib\libspdm\unit_test\test_spdm_requester\chunk_get.c,1,1
spdm,challenge auth message,"3ae5e6e7b72b4ab0b8b5e0fd65d2bdf3,3ae5e6e7b72b4ab0b8b5e0fd65d2bdf3,3ae5e6e7b72b4ab0b8b5e0fd65d2bdf3","SPDM uses Challenge Auth Message for authentication.,contextual proximity",6,vram\SecurityPkg\DeviceSecurity\SpdmLib\libspdm\unit_test\test_spdm_requester\challenge.c,1,1
spdm,chunk response,"2b61f037c70543359d96fd422d1776b4,2b61f037c70543359d96fd422d1776b4,2b61f037c70543359d96fd422d1776b4","SPDM is related to Chunk Response as it is used to send a chunk response in the SPDM protocol.,contextual proximity",6,vram\SecurityPkg\DeviceSecurity\SpdmLib\libspdm\unit_test\test_spdm_requester\chunk_get.c,1,1
spdm,connection,"1236f462ae2847eebeed52a94afd7b7e,1236f462ae2847eebeed52a94afd7b7e,1236f462ae2847eebeed52a94afd7b7e","SPDM is established over a connection,contextual proximity",6,vram\SecurityPkg\DeviceSecurity\SpdmLib\libspdm\unit_test\test_spdm_requester\chunk_get.c,1,1
spdm,connection info,"31a9b2f8f33e44cc930801afd903f652,573cbc92b9ce41aeadf8080c50645875,206c208e59944924aa61009dc12bcd6a,52f064ea126d4d1ea6c8f016b08c2911,431d2376e2af487f8c6d7a00f707366b,31a9b2f8f33e44cc930801afd903f652,31a9b2f8f33e44cc930801afd903f652,573cbc92b9ce41aeadf8080c50645875,573cbc92b9ce41aeadf8080c50645875,206c208e59944924aa61009dc12bcd6a,206c208e59944924aa61009dc12bcd6a,52f064ea126d4d1ea6c8f016b08c2911,52f064ea126d4d1ea6c8f016b08c2911,431d2376e2af487f8c6d7a00f707366b,431d2376e2af487f8c6d7a00f707366b","SPDM contains connection information,SPDM has a connection info that contains algorithm and version information.,SPDM has a connection info that stores version, connection state, and capability flags.,SPDM has a connection info that stores version, connection state, and capability flags.,SPDM has a connection info that contains version, connection state, and capability flags.,contextual proximity",30,"vram\SecurityPkg\DeviceSecurity\SpdmLib\libspdm\unit_test\test_spdm_requester\challenge.c,vram\SecurityPkg\DeviceSecurity\SpdmLib\libspdm\unit_test\test_spdm_requester\encap_challenge_auth.c,vram\SecurityPkg\DeviceSecurity\SpdmLib\libspdm\unit_test\test_spdm_requester\encap_request.c",1,1
spdm,connection state,"96b82be3ecba4a8a86969454f11246f9,96b82be3ecba4a8a86969454f11246f9,96b82be3ecba4a8a86969454f11246f9","SPDM has a connection state that is negotiated.,contextual proximity",6,vram\SecurityPkg\DeviceSecurity\SpdmLib\libspdm\unit_test\test_spdm_requester\encap_challenge_auth.c,1,1
spdm,connection_info,"f5eb4eb946ff457488114cd8764a952c,3145141a0f0c43af8beeb996ccbc7129,9895a881b10f4289873ce4e275ae3e96,c662fa068b6c4144977e971fa5c8824e,fa07ec87bca642be96804152e2fc94d5,0b85203279254352ab936441042218d7,f5eb4eb946ff457488114cd8764a952c,f5eb4eb946ff457488114cd8764a952c,3145141a0f0c43af8beeb996ccbc7129,3145141a0f0c43af8beeb996ccbc7129,9895a881b10f4289873ce4e275ae3e96,9895a881b10f4289873ce4e275ae3e96,c662fa068b6c4144977e971fa5c8824e,c662fa068b6c4144977e971fa5c8824e,fa07ec87bca642be96804152e2fc94d5,fa07ec87bca642be96804152e2fc94d5,0b85203279254352ab936441042218d7,0b85203279254352ab936441042218d7,93f679c7d5c642479a939a528d32eb1c","SPDM has a connection_info object that stores information about the connection.,SPDM has a connection_info that contains various parameters such as connection_state, capability, and algorithm.,SPDM has a connection_info object that stores information about the connection.,SPDM has a connection_info attribute that stores connection state and capability flags.,SPDM has a connection_info attribute that stores connection state and capability flags.,SPDM has a connection_info attribute that stores connection state and capabilities.,contextual proximity",37,"vram\SecurityPkg\DeviceSecurity\SpdmLib\libspdm\unit_test\test_spdm_requester\challenge.c,vram\SecurityPkg\DeviceSecurity\SpdmLib\libspdm\unit_test\test_spdm_requester\encap_request.c",1,1
spdm,digest,"fc0bcf25e04e4ed8bbfb0d607e6ae63c,fc0bcf25e04e4ed8bbfb0d607e6ae63c,fc0bcf25e04e4ed8bbfb0d607e6ae63c","SPDM produces a digest response message,contextual proximity",6,vram\SecurityPkg\DeviceSecurity\SpdmLib\libspdm\unit_test\test_spdm_requester\encap_digests.c,1,7
spdm,digest response,"bd8642deda60449ba8527b0d65a9639e,bd8642deda60449ba8527b0d65a9639e,bd8642deda60449ba8527b0d65a9639e","SPDM uses Digest Response to get digests.,contextual proximity",6,vram\SecurityPkg\DeviceSecurity\SpdmLib\libspdm\unit_test\test_spdm_requester\encap_request.c,1,1
spdm,encapsulated request response,"bd8642deda60449ba8527b0d65a9639e,bd8642deda60449ba8527b0d65a9639e,bd8642deda60449ba8527b0d65a9639e","SPDM uses Encapsulated Request Response to send requests.,contextual proximity",6,vram\SecurityPkg\DeviceSecurity\SpdmLib\libspdm\unit_test\test_spdm_requester\encap_request.c,1,1
spdm,error message,"3ae5e6e7b72b4ab0b8b5e0fd65d2bdf3,3ae5e6e7b72b4ab0b8b5e0fd65d2bdf3,3ae5e6e7b72b4ab0b8b5e0fd65d2bdf3","SPDM uses Error Message to indicate invalid requests.,contextual proximity",6,vram\SecurityPkg\DeviceSecurity\SpdmLib\libspdm\unit_test\test_spdm_requester\challenge.c,1,1
spdm,error response,"5e0f6ff1e8cc49cb96769bbe490abb4c,5e0f6ff1e8cc49cb96769bbe490abb4c,5e0f6ff1e8cc49cb96769bbe490abb4c","SPDM sends Error Response when large response is required.,contextual proximity",6,vram\SecurityPkg\DeviceSecurity\SpdmLib\libspdm\unit_test\test_spdm_requester\chunk_get.c,1,1
spdm,key update,"c668dfebc76a434ca96fcff358f32d2d,c668dfebc76a434ca96fcff358f32d2d,c668dfebc76a434ca96fcff358f32d2d","SPDM performs key update operations,contextual proximity",6,vram\SecurityPkg\DeviceSecurity\SpdmLib\libspdm\unit_test\test_spdm_requester\encap_key_update.c,1,1
spdm,key_update,"7e362890251f430b8c4141c555c174e1,7e362890251f430b8c4141c555c174e1,7e362890251f430b8c4141c555c174e1","SPDM receives a KEY_UPDATE message.,contextual proximity",6,vram\SecurityPkg\DeviceSecurity\SpdmLib\libspdm\unit_test\test_spdm_requester\encap_key_update.c,1,1
spdm,libspdm,"552193df483344d285e9f726283e8f5e,552193df483344d285e9f726283e8f5e,552193df483344d285e9f726283e8f5e","SPDM is implemented by LIBSPDM,contextual proximity",6,vram\SecurityPkg\DeviceSecurity\SpdmLib\libspdm\unit_test\test_spdm_requester\encap_digests.c,1,3
spdm,libspdm_context_t,0e888b9aee7c4e2ca9ef5aef32e6f09e,"SPDM is associated with libspdm_context_t, which is a structure that holds the context for SPDM operations.",4,vram\SecurityPkg\DeviceSecurity\SpdmLib\libspdm\unit_test\test_spdm_requester\encap_request.c,1,1
spdm,measurement,"0447f29adc304534b7335a8eaf43bd6f,0447f29adc304534b7335a8eaf43bd6f,0447f29adc304534b7335a8eaf43bd6f","SPDM uses measurement to verify the authenticity of the response.,contextual proximity",6,vram\SecurityPkg\DeviceSecurity\SpdmLib\libspdm\unit_test\test_spdm_requester\chunk_get.c,1,1
spdm,requester,"6c95abdbb7b24ddd93d124382ce138e6,fc0bcf25e04e4ed8bbfb0d607e6ae63c,6c95abdbb7b24ddd93d124382ce138e6,6c95abdbb7b24ddd93d124382ce138e6,fc0bcf25e04e4ed8bbfb0d607e6ae63c,fc0bcf25e04e4ed8bbfb0d607e6ae63c","SPDM has a Requester component,SPDM receives a request message from Requester,contextual proximity",12,"vram\SecurityPkg\DeviceSecurity\SpdmLib\libspdm\unit_test\test_spdm_requester\encap_certificate.c,vram\SecurityPkg\DeviceSecurity\SpdmLib\libspdm\unit_test\test_spdm_requester\encap_digests.c",1,1
spdm,responder,"bdd95c35ce8d4a798cf6337c512c2af0,bdd95c35ce8d4a798cf6337c512c2af0,bdd95c35ce8d4a798cf6337c512c2af0","SPDM receives a response from the responder.,contextual proximity",6,vram\SecurityPkg\DeviceSecurity\SpdmLib\libspdm\unit_test\test_spdm_requester\challenge.c,1,1
spdm,secured message context,"c668dfebc76a434ca96fcff358f32d2d,c668dfebc76a434ca96fcff358f32d2d,c668dfebc76a434ca96fcff358f32d2d","SPDM uses secured message context to manage secrets,contextual proximity",6,vram\SecurityPkg\DeviceSecurity\SpdmLib\libspdm\unit_test\test_spdm_requester\encap_key_update.c,1,1
spdm,spdm_challenge_auth,"7a6c245740d24e34a7afa1dae337a7cb,cc81f5f7cde74b9d925ddb25fb9b2571,7a6c245740d24e34a7afa1dae337a7cb,7a6c245740d24e34a7afa1dae337a7cb,cc81f5f7cde74b9d925ddb25fb9b2571,cc81f5f7cde74b9d925ddb25fb9b2571","SPDM uses SPDM_CHALLENGE_AUTH as a request-response code.,SPDM uses SPDM_CHALLENGE_AUTH as its request response code.,contextual proximity",12,vram\SecurityPkg\DeviceSecurity\SpdmLib\libspdm\unit_test\test_spdm_requester\challenge.c,1,7
spdm,spdm_message_version_11,"7a6c245740d24e34a7afa1dae337a7cb,fe4d33d221eb4938a4a786d6fc691a69,7a6c245740d24e34a7afa1dae337a7cb,7a6c245740d24e34a7afa1dae337a7cb,fe4d33d221eb4938a4a786d6fc691a69","SPDM uses SPDM_MESSAGE_VERSION_11 as its message version.,SPDM uses SPDM_MESSAGE_VERSION_11 as its version number.,contextual proximity",11,"vram\SecurityPkg\DeviceSecurity\SpdmLib\libspdm\unit_test\test_spdm_requester\challenge.c,vram\SecurityPkg\DeviceSecurity\SpdmLib\libspdm\unit_test\test_spdm_requester\encap_request.c",1,7
spdm,spdm_message_version_13,"cc81f5f7cde74b9d925ddb25fb9b2571,93f679c7d5c642479a939a528d32eb1c,cc81f5f7cde74b9d925ddb25fb9b2571,cc81f5f7cde74b9d925ddb25fb9b2571,93f679c7d5c642479a939a528d32eb1c","SPDM uses SPDM_MESSAGE_VERSION_13 as its version.,SPDM uses SPDM_MESSAGE_VERSION_13 as its message version.,contextual proximity",11,"vram\SecurityPkg\DeviceSecurity\SpdmLib\libspdm\unit_test\test_spdm_requester\challenge.c,vram\SecurityPkg\DeviceSecurity\SpdmLib\libspdm\unit_test\test_spdm_requester\encap_digests.c",1,7
spdm,transport header,"5e0f6ff1e8cc49cb96769bbe490abb4c,2b61f037c70543359d96fd422d1776b4,5e0f6ff1e8cc49cb96769bbe490abb4c,5e0f6ff1e8cc49cb96769bbe490abb4c,2b61f037c70543359d96fd422d1776b4,2b61f037c70543359d96fd422d1776b4","SPDM uses Transport Header to encode messages.,SPDM is related to Transport Header as it uses a transport header to encode messages.,contextual proximity",12,vram\SecurityPkg\DeviceSecurity\SpdmLib\libspdm\unit_test\test_spdm_requester\chunk_get.c,1,1
spdm,version,"31a9b2f8f33e44cc930801afd903f652,f5eb4eb946ff457488114cd8764a952c,9895a881b10f4289873ce4e275ae3e96,1236f462ae2847eebeed52a94afd7b7e,0b85203279254352ab936441042218d7",contextual proximity,5,vram\SecurityPkg\DeviceSecurity\SpdmLib\libspdm\unit_test\test_spdm_requester\challenge.c,1,1
spdm context,connection info,"9dfc1c599d5442c1b612d744a945c81f,9dfc1c599d5442c1b612d744a945c81f,9dfc1c599d5442c1b612d744a945c81f","SPDM Context contains Connection Info, which holds the state of the connection.,contextual proximity",6,vram\SecurityPkg\DeviceSecurity\SpdmLib\libspdm\unit_test\test_spdm_requester\challenge.c,1,1
spdm context,local context,"1d3f8d72e9de4871a9d79b5f301894eb,1d3f8d72e9de4871a9d79b5f301894eb,1d3f8d72e9de4871a9d79b5f301894eb","SPDM Context contains Local Context,contextual proximity",6,vram\SecurityPkg\DeviceSecurity\SpdmLib\libspdm\unit_test\test_spdm_requester\chunk_get.c,1,1
spdm_challenge,spdm_message_version_11,3823a1d7c2844c598c01d2c75b7e312e,SPDM_CHALLENGE is a message type in SPDM protocol with version 11.,4,vram\SecurityPkg\DeviceSecurity\SpdmLib\libspdm\unit_test\test_spdm_requester\encap_challenge_auth.c,7,7
spdm_challenge_auth,spdm,"7a6c245740d24e34a7afa1dae337a7cb,7a6c245740d24e34a7afa1dae337a7cb,cc81f5f7cde74b9d925ddb25fb9b2571,cc81f5f7cde74b9d925ddb25fb9b2571",contextual proximity,4,vram\SecurityPkg\DeviceSecurity\SpdmLib\libspdm\unit_test\test_spdm_requester\challenge.c,7,1
spdm_challenge_auth,spdm_message_version_11,"b2ad564f01f940e3a4ab37c5f7f555c4,7a6c245740d24e34a7afa1dae337a7cb,ef06e57abaa24e0d9f8784fd154939d2",contextual proximity,3,vram\SecurityPkg\DeviceSecurity\SpdmLib\libspdm\unit_test\test_spdm_requester\challenge.c,7,7
spdm_challenge_auth,spdm_response,"b2ad564f01f940e3a4ab37c5f7f555c4,b2ad564f01f940e3a4ab37c5f7f555c4,b2ad564f01f940e3a4ab37c5f7f555c4,ef06e57abaa24e0d9f8784fd154939d2,ef06e57abaa24e0d9f8784fd154939d2","spdm_response is of type SPDM_CHALLENGE_AUTH,contextual proximity",8,vram\SecurityPkg\DeviceSecurity\SpdmLib\libspdm\unit_test\test_spdm_requester\challenge.c,7,7
spdm_context,connection_info,"2593cd3fe0654ea59300ea47bdcb0160,2e5352a0a8fa40c092b4033bd399f46b,b2cb42592b9f4fc499dc7730a92bdf7b,b2cae51dc0aa4c11be1007a23ffae513,1a52dc12b8164862ab750a982e9baf5c,39a4942ecdd648699ea70d51459fd834,648bd883b70a465987ad09916c88ffdd,c284bbb5beb14237adfa42f4624ac1c9,4d7f8aefcb3d4a08a8cbced77932ae9a,565140b50c7e4ba884868e21ef8ce808,93f679c7d5c642479a939a528d32eb1c,2593cd3fe0654ea59300ea47bdcb0160,2593cd3fe0654ea59300ea47bdcb0160,2e5352a0a8fa40c092b4033bd399f46b,b2cb42592b9f4fc499dc7730a92bdf7b,b2cae51dc0aa4c11be1007a23ffae513,1a52dc12b8164862ab750a982e9baf5c,1a52dc12b8164862ab750a982e9baf5c,39a4942ecdd648699ea70d51459fd834,648bd883b70a465987ad09916c88ffdd,648bd883b70a465987ad09916c88ffdd,c284bbb5beb14237adfa42f4624ac1c9,4d7f8aefcb3d4a08a8cbced77932ae9a,565140b50c7e4ba884868e21ef8ce808,565140b50c7e4ba884868e21ef8ce808,93f679c7d5c642479a939a528d32eb1c,2e5352a0a8fa40c092b4033bd399f46b,b2cb42592b9f4fc499dc7730a92bdf7b,39a4942ecdd648699ea70d51459fd834,c284bbb5beb14237adfa42f4624ac1c9","spdm_context has a connection_info,spdm_context has a connection_info attribute,spdm_context has connection_info,spdm_context has a connection_info.,spdm_context contains connection_info as a component,spdm_context contains connection_info as a field,spdm_context contains connection_info as a component.,spdm_context contains connection_info as a field,spdm_context contains connection_info as a field to store the connection information.,spdm_context contains connection_info,SPDM_CONTEXT contains CONNECTION_INFO as one of its components.,contextual proximity",63,"vram\SecurityPkg\DeviceSecurity\SpdmLib\libspdm\unit_test\test_spdm_requester\challenge.c,vram\SecurityPkg\DeviceSecurity\SpdmLib\libspdm\unit_test\test_spdm_requester\encap_challenge_auth.c,vram\SecurityPkg\DeviceSecurity\SpdmLib\libspdm\unit_test\test_spdm_requester\encap_request.c,vram\SecurityPkg\DeviceSecurity\SpdmLib\libspdm\unit_test\test_spdm_requester\encap_certificate.c,vram\SecurityPkg\DeviceSecurity\SpdmLib\libspdm\unit_test\test_spdm_requester\chunk_get.c,vram\SecurityPkg\DeviceSecurity\SpdmLib\libspdm\unit_test\test_spdm_requester\encap_key_update.c,vram\SecurityPkg\DeviceSecurity\SpdmLib\libspdm\unit_test\test_spdm_requester\encap_digests.c",3,1
spdm_context,libspdm_challenge,"ecdde3e1163a49bb8c05079298f26276,ecdde3e1163a49bb8c05079298f26276",contextual proximity,2,vram\SecurityPkg\DeviceSecurity\SpdmLib\libspdm\unit_test\test_spdm_requester\challenge.c,3,3
spdm_context,libspdm_challenge_ex,"e1726794f1d344dd87899941b7f3c18e,e1726794f1d344dd87899941b7f3c18e",contextual proximity,2,vram\SecurityPkg\DeviceSecurity\SpdmLib\libspdm\unit_test\test_spdm_requester\challenge.c,3,3
spdm_context,libspdm_context,"b2cae51dc0aa4c11be1007a23ffae513,55868d5ccf704678b5477a74c0a1835f",contextual proximity,2,vram\SecurityPkg\DeviceSecurity\SpdmLib\libspdm\unit_test\test_spdm_requester\challenge.c,3,3
spdm_context,libspdm_get_certificate_request3,"8f6d68af03914fd6bc358d729df1dfed,8f6d68af03914fd6bc358d729df1dfed",contextual proximity,2,vram\SecurityPkg\DeviceSecurity\SpdmLib\libspdm\unit_test\test_spdm_requester\encap_certificate.c,3,3
spdm_context,libspdm_get_encap_response_certificate,"2e5352a0a8fa40c092b4033bd399f46b,2e5352a0a8fa40c092b4033bd399f46b",contextual proximity,2,vram\SecurityPkg\DeviceSecurity\SpdmLib\libspdm\unit_test\test_spdm_requester\encap_certificate.c,3,3
spdm_context,libspdm_get_encap_response_challenge_auth,"c284bbb5beb14237adfa42f4624ac1c9,c284bbb5beb14237adfa42f4624ac1c9",contextual proximity,2,vram\SecurityPkg\DeviceSecurity\SpdmLib\libspdm\unit_test\test_spdm_requester\encap_challenge_auth.c,3,3
spdm_context,libspdm_get_encap_response_key_update,"30be1c1fcb9644ba9a58bce8bdbf674d,30be1c1fcb9644ba9a58bce8bdbf674d,6f4fb09b2b99464d8d1f79e40ec2fa69",contextual proximity,3,vram\SecurityPkg\DeviceSecurity\SpdmLib\libspdm\unit_test\test_spdm_requester\encap_key_update.c,3,3
spdm_context,libspdm_read_responder_public_certificate_chain,"39a4942ecdd648699ea70d51459fd834,39a4942ecdd648699ea70d51459fd834",contextual proximity,2,vram\SecurityPkg\DeviceSecurity\SpdmLib\libspdm\unit_test\test_spdm_requester\challenge.c,3,3
spdm_context,libspdm_test_context,"8f6d68af03914fd6bc358d729df1dfed,8f6d68af03914fd6bc358d729df1dfed,8f6d68af03914fd6bc358d729df1dfed","spdm_context is part of libspdm_test_context,contextual proximity",6,vram\SecurityPkg\DeviceSecurity\SpdmLib\libspdm\unit_test\test_spdm_requester\encap_certificate.c,3,3
spdm_context,measurement_hash,"ecdde3e1163a49bb8c05079298f26276,e1726794f1d344dd87899941b7f3c18e",contextual proximity,2,vram\SecurityPkg\DeviceSecurity\SpdmLib\libspdm\unit_test\test_spdm_requester\challenge.c,3,3
spdm_context,session_info,"32751e6e15434cb18e938f3475e58bfb,30be1c1fcb9644ba9a58bce8bdbf674d,32751e6e15434cb18e938f3475e58bfb,32751e6e15434cb18e938f3475e58bfb,30be1c1fcb9644ba9a58bce8bdbf674d,30be1c1fcb9644ba9a58bce8bdbf674d","spdm_context contains session_info,spdm_context contains session_info as a member variable,contextual proximity",12,vram\SecurityPkg\DeviceSecurity\SpdmLib\libspdm\unit_test\test_spdm_requester\encap_key_update.c,3,3
spdm_context,spdm_test_context,"2593cd3fe0654ea59300ea47bdcb0160,095f133201254560b3db2b3c87c552a6,2593cd3fe0654ea59300ea47bdcb0160,2593cd3fe0654ea59300ea47bdcb0160,b2cb42592b9f4fc499dc7730a92bdf7b,095f133201254560b3db2b3c87c552a6,095f133201254560b3db2b3c87c552a6,b2cae51dc0aa4c11be1007a23ffae513,55868d5ccf704678b5477a74c0a1835f,55868d5ccf704678b5477a74c0a1835f,b2cb42592b9f4fc499dc7730a92bdf7b,095f133201254560b3db2b3c87c552a6,095f133201254560b3db2b3c87c552a6","spdm_context is a part of spdm_test_context,spdm_context is part of spdm_test_context,contextual proximity",19,"vram\SecurityPkg\DeviceSecurity\SpdmLib\libspdm\unit_test\test_spdm_requester\encap_certificate.c,vram\SecurityPkg\DeviceSecurity\SpdmLib\libspdm\unit_test\test_spdm_requester\encap_key_update.c",3,3
spdm_dispatch,libspdm_responder_dispatch_message,"d0587bf279b94b1698a9fbc0c34c53b0,d0587bf279b94b1698a9fbc0c34c53b0,d0587bf279b94b1698a9fbc0c34c53b0","spdm_dispatch uses libspdm_responder_dispatch_message to dispatch messages.,contextual proximity",6,vram\SecurityPkg\DeviceSecurity\SpdmLib\libspdm\unit_test\test_size\test_size_of_spdm_responder\spdm_responder_main.c,16,16
spdm_dispatch,spdm_server_init,"d0587bf279b94b1698a9fbc0c34c53b0,d0587bf279b94b1698a9fbc0c34c53b0,d0587bf279b94b1698a9fbc0c34c53b0","spdm_dispatch calls spdm_server_init to initialize the spdm context.,contextual proximity",6,vram\SecurityPkg\DeviceSecurity\SpdmLib\libspdm\unit_test\test_size\test_size_of_spdm_responder\spdm_responder_main.c,16,16
spdm_error,spdm_error_code_response_not_ready,8cb2c70bf39642f2a3f154390a21279d,SPDM_ERROR is related to SPDM_ERROR_CODE_RESPONSE_NOT_READY as it is the error code for the response not ready message.,4,vram\SecurityPkg\DeviceSecurity\SpdmLib\libspdm\unit_test\test_spdm_requester\challenge.c,18,18
spdm_error_code_busy,spdm_error_code_unexpected_request,c7ad54ecb4a84c008578f910c8fb687a,SPDM_ERROR_CODE_BUSY is treated as SPDM_ERROR_CODE_UNEXPECTED_REQUEST in error handling,4,vram\SecurityPkg\DeviceSecurity\SpdmLib\libspdm\unit_test\test_spdm_requester\challenge.c,19,19
spdm_get_digests,digest,"8f9388a589964cc4b43beac7b15294cc,8f9388a589964cc4b43beac7b15294cc,8f9388a589964cc4b43beac7b15294cc","digest is calculated based on the SPDM_GET_DIGESTS request,contextual proximity",6,vram\SecurityPkg\DeviceSecurity\SpdmLib\libspdm\unit_test\test_spdm_requester\encap_request.c,7,7
spdm_get_digests,spdm_message_version_11,"0a339f5ec629441c8d7355553fd0132c,8f9388a589964cc4b43beac7b15294cc,0a339f5ec629441c8d7355553fd0132c,8f9388a589964cc4b43beac7b15294cc","SPDM_GET_DIGESTS is a message type in SPDM protocol version 1.1,contextual proximity",7,"vram\SecurityPkg\DeviceSecurity\SpdmLib\libspdm\unit_test\test_spdm_requester\encap_digests.c,vram\SecurityPkg\DeviceSecurity\SpdmLib\libspdm\unit_test\test_spdm_requester\encap_request.c",7,7
spdm_key_update,spdm_message_version_11,60531304d74b47b6b15024f3842bf76a,SPDM_KEY_UPDATE is a message type in SPDM_MESSAGE_VERSION_11,4,vram\SecurityPkg\DeviceSecurity\SpdmLib\libspdm\unit_test\test_spdm_requester\encap_key_update.c,7,7
spdm_message_version_11,spdm,"7a6c245740d24e34a7afa1dae337a7cb,7a6c245740d24e34a7afa1dae337a7cb,fe4d33d221eb4938a4a786d6fc691a69",contextual proximity,3,vram\SecurityPkg\DeviceSecurity\SpdmLib\libspdm\unit_test\test_spdm_requester\challenge.c,7,1
spdm_message_version_11,spdm_challenge_auth,"b2ad564f01f940e3a4ab37c5f7f555c4,ef06e57abaa24e0d9f8784fd154939d2,7a6c245740d24e34a7afa1dae337a7cb",contextual proximity,3,vram\SecurityPkg\DeviceSecurity\SpdmLib\libspdm\unit_test\test_spdm_requester\challenge.c,7,7
spdm_message_version_11,spdm_get_digests,"8f9388a589964cc4b43beac7b15294cc,8f9388a589964cc4b43beac7b15294cc,8f9388a589964cc4b43beac7b15294cc,0a339f5ec629441c8d7355553fd0132c","SPDM_MESSAGE_VERSION_11 is used as the version for SPDM_GET_DIGESTS request,contextual proximity",7,vram\SecurityPkg\DeviceSecurity\SpdmLib\libspdm\unit_test\test_spdm_requester\encap_request.c,7,7
spdm_message_version_11,spdm_response,"b2ad564f01f940e3a4ab37c5f7f555c4,ef06e57abaa24e0d9f8784fd154939d2,b2ad564f01f940e3a4ab37c5f7f555c4,b2ad564f01f940e3a4ab37c5f7f555c4,ef06e57abaa24e0d9f8784fd154939d2,ef06e57abaa24e0d9f8784fd154939d2","spdm_response uses SPDM_MESSAGE_VERSION_11 as its version,spdm_response uses SPDM_MESSAGE_VERSION_11 as its version,contextual proximity",12,vram\SecurityPkg\DeviceSecurity\SpdmLib\libspdm\unit_test\test_spdm_requester\challenge.c,7,7
spdm_message_version_11,spdm_version_number_shift_bit,b1452290ba864e939bd97a323c5da5b3,SPDM_MESSAGE_VERSION_11 is shifted by SPDM_VERSION_NUMBER_SHIFT_BIT to form the connection info version.,4,vram\SecurityPkg\DeviceSecurity\SpdmLib\libspdm\unit_test\test_spdm_requester\encap_request.c,7,7
spdm_message_version_13,spdm,"cc81f5f7cde74b9d925ddb25fb9b2571,cc81f5f7cde74b9d925ddb25fb9b2571,93f679c7d5c642479a939a528d32eb1c",contextual proximity,3,vram\SecurityPkg\DeviceSecurity\SpdmLib\libspdm\unit_test\test_spdm_requester\challenge.c,7,1
spdm_message_version_13,spdm_response,1b47013fb75641028c13b293f40eac1e,spdm_response->header.spdm_version is set to SPDM_MESSAGE_VERSION_13,4,vram\SecurityPkg\DeviceSecurity\SpdmLib\libspdm\unit_test\test_spdm_requester\challenge.c,7,7
spdm_response,libspdm_copy_mem,"4884e451f7ac4cd087f7abed2f9cf3d5,4884e451f7ac4cd087f7abed2f9cf3d5,7417e9f68dd545369e3407012d1138c0,7417e9f68dd545369e3407012d1138c0",contextual proximity,4,vram\SecurityPkg\DeviceSecurity\SpdmLib\libspdm\unit_test\test_spdm_requester\challenge.c,7,7
spdm_response,m_libspdm_local_buffer,"4884e451f7ac4cd087f7abed2f9cf3d5,7417e9f68dd545369e3407012d1138c0",contextual proximity,2,vram\SecurityPkg\DeviceSecurity\SpdmLib\libspdm\unit_test\test_spdm_requester\challenge.c,7,7
spdm_response,spdm_challenge_auth,"ef06e57abaa24e0d9f8784fd154939d2,ef06e57abaa24e0d9f8784fd154939d2,b2ad564f01f940e3a4ab37c5f7f555c4,b2ad564f01f940e3a4ab37c5f7f555c4,ef06e57abaa24e0d9f8784fd154939d2","spdm_response is of type SPDM_CHALLENGE_AUTH,contextual proximity",8,vram\SecurityPkg\DeviceSecurity\SpdmLib\libspdm\unit_test\test_spdm_requester\challenge.c,7,7
spdm_response,spdm_message_version_11,"ef06e57abaa24e0d9f8784fd154939d2,b2ad564f01f940e3a4ab37c5f7f555c4,b2ad564f01f940e3a4ab37c5f7f555c4,ef06e57abaa24e0d9f8784fd154939d2",contextual proximity,4,vram\SecurityPkg\DeviceSecurity\SpdmLib\libspdm\unit_test\test_spdm_requester\challenge.c,7,7
spdm_server_init,spdm_dispatch,"d0587bf279b94b1698a9fbc0c34c53b0,d0587bf279b94b1698a9fbc0c34c53b0",contextual proximity,2,vram\SecurityPkg\DeviceSecurity\SpdmLib\libspdm\unit_test\test_size\test_size_of_spdm_responder\spdm_responder_main.c,16,16
spdm_test_context,case_id,"87801e697c97407ebf1ba1823efcace7,87801e697c97407ebf1ba1823efcace7,87801e697c97407ebf1ba1823efcace7","spdm_test_context contains case_id,contextual proximity",6,vram\SecurityPkg\DeviceSecurity\SpdmLib\libspdm\unit_test\test_spdm_requester\challenge.c,3,3
spdm_test_context,connection_info,"b2cb42592b9f4fc499dc7730a92bdf7b,2593cd3fe0654ea59300ea47bdcb0160,b2cae51dc0aa4c11be1007a23ffae513",contextual proximity,3,vram\SecurityPkg\DeviceSecurity\SpdmLib\libspdm\unit_test\test_spdm_requester\encap_key_update.c,3,1
spdm_test_context,libspdm_context,"55868d5ccf704678b5477a74c0a1835f,55868d5ccf704678b5477a74c0a1835f,b2cae51dc0aa4c11be1007a23ffae513",contextual proximity,3,vram\SecurityPkg\DeviceSecurity\SpdmLib\libspdm\unit_test\test_spdm_requester\encap_key_update.c,3,3
spdm_test_context,spdm_context,"55868d5ccf704678b5477a74c0a1835f,b2cb42592b9f4fc499dc7730a92bdf7b,095f133201254560b3db2b3c87c552a6,55868d5ccf704678b5477a74c0a1835f,b2cb42592b9f4fc499dc7730a92bdf7b,b2cb42592b9f4fc499dc7730a92bdf7b,095f133201254560b3db2b3c87c552a6,095f133201254560b3db2b3c87c552a6,2593cd3fe0654ea59300ea47bdcb0160,2593cd3fe0654ea59300ea47bdcb0160,55868d5ccf704678b5477a74c0a1835f,095f133201254560b3db2b3c87c552a6,095f133201254560b3db2b3c87c552a6,b2cae51dc0aa4c11be1007a23ffae513","spdm_test_context contains spdm_context,spdm_test_context contains spdm_context,spdm_test_context contains spdm_context,contextual proximity",23,vram\SecurityPkg\DeviceSecurity\SpdmLib\libspdm\unit_test\test_spdm_requester\encap_key_update.c,3,3
transport header,spdm,"5e0f6ff1e8cc49cb96769bbe490abb4c,5e0f6ff1e8cc49cb96769bbe490abb4c,2b61f037c70543359d96fd422d1776b4,2b61f037c70543359d96fd422d1776b4",contextual proximity,4,vram\SecurityPkg\DeviceSecurity\SpdmLib\libspdm\unit_test\test_spdm_requester\chunk_get.c,1,1
version,connection,"1236f462ae2847eebeed52a94afd7b7e,1236f462ae2847eebeed52a94afd7b7e",contextual proximity,2,vram\SecurityPkg\DeviceSecurity\SpdmLib\libspdm\unit_test\test_spdm_requester\chunk_get.c,1,1
version,connection info,"31a9b2f8f33e44cc930801afd903f652,31a9b2f8f33e44cc930801afd903f652",contextual proximity,2,vram\SecurityPkg\DeviceSecurity\SpdmLib\libspdm\unit_test\test_spdm_requester\challenge.c,1,1
version,connection_info,"f5eb4eb946ff457488114cd8764a952c,f5eb4eb946ff457488114cd8764a952c,9895a881b10f4289873ce4e275ae3e96,9895a881b10f4289873ce4e275ae3e96,0b85203279254352ab936441042218d7,0b85203279254352ab936441042218d7",contextual proximity,6,vram\SecurityPkg\DeviceSecurity\SpdmLib\libspdm\unit_test\test_spdm_requester\challenge.c,1,1
version,spdm,"31a9b2f8f33e44cc930801afd903f652,f5eb4eb946ff457488114cd8764a952c,9895a881b10f4289873ce4e275ae3e96,1236f462ae2847eebeed52a94afd7b7e,0b85203279254352ab936441042218d7",contextual proximity,5,vram\SecurityPkg\DeviceSecurity\SpdmLib\libspdm\unit_test\test_spdm_requester\challenge.c,1,1
